question,answer
"What should I eat before a workout?","Eat a light meal with carbs and some protein 1-2 hours before exercising, such as a banana with peanut butter or oatmeal."
"Should I eat before or after exercise?","Both matter: a small pre-workout snack fuels your session, and a post-workout meal with protein helps muscle recovery."
"How long should I warm up before exercising?","Warm up for 5-10 minutes with light cardio and dynamic stretches to prepare your muscles and joints."
"Is it bad to workout on an empty stomach?","Light cardio is usually fine on an empty stomach, but for strength training or longer sessions, eat a small snack first for energy."
"How much water should I drink before a workout?","Drink about 400-600ml of water 1-2 hours before exercising to stay properly hydrated."
"What happens to your body during exercise?","Your heart rate and breathing increase, blood flow to muscles rises, and your body burns stored energy (glycogen and fat) for fuel."
"Why do muscles get sore during a workout?","Muscle burn during exercise is usually caused by lactic acid and hydrogen ion buildup as muscles work hard without enough oxygen."
"How does exercise affect heart rate?","Exercise raises your heart rate as your body pumps more blood to deliver oxygen to working muscles."
"Why do I sweat during exercise?","Sweating is your body's way of cooling itself down as your internal temperature rises during physical activity."
"How much water should I drink during a workout?","Sip small amounts of water every 15-20 minutes during exercise, especially for sessions longer than an hour."
"Can I workout every day?","Yes, but it's best to vary intensity and target different muscle groups, and include at least one rest day per week."
"What happens if I don't stretch during exercise?","Skipping stretches increases the risk of muscle stiffness, cramps, and injury during your workout."
"Why do I feel out of breath during exercise?","Increased oxygen demand from working muscles causes faster breathing; this is a normal cardiovascular response to exertion."
"What should I eat after a workout?","Eat a meal with protein and carbs within an hour after exercising, such as eggs and toast or a protein shake with fruit, to support muscle recovery."
"Why do muscles feel sore the day after exercise?","This is called delayed onset muscle soreness (DOMS), caused by tiny muscle fiber tears that repair and strengthen the muscle."
"How long does muscle soreness last after a workout?","Muscle soreness typically peaks 24-48 hours after exercise and fades within 3-5 days."
"How can I reduce muscle soreness after exercise?","Light stretching, staying hydrated, getting enough protein, and gentle movement like walking can help reduce soreness."
"Is it normal to feel tired after a workout?","Yes, feeling tired after exercise is normal since your body has used energy stores and needs time to recover."
"How long should I rest between workouts?","Allow 24-48 hours of rest for the same muscle group before training it again to allow recovery."
"Does exercise help you sleep better?","Yes, regular exercise can improve sleep quality, though intense workouts too close to bedtime may make it harder to fall asleep for some people."
"How long does it take to see results from exercise?","Noticeable strength improvements can appear in 2-4 weeks, while visible body composition changes usually take 8-12 weeks of consistent training."
"Does exercise improve mood?","Yes, exercise releases endorphins and other neurotransmitters like dopamine and serotonin, which can reduce stress and improve mood."
"Can exercise help with weight loss?","Yes, regular exercise combined with a balanced diet helps create the calorie deficit needed for weight loss."
"Does strength training build muscle faster than cardio?","Strength training is more effective for building muscle mass, while cardio is better for improving cardiovascular endurance and burning calories."
"How many days a week should I go to the gym?","3-5 days a week is a good balance for most people, depending on fitness goals and recovery needs."
"What is the best time of day to exercise?","The best time is whenever you can be consistent; morning workouts may boost energy for the day, while evening workouts can suit those with more time then."
"Should beginners start with cardio or weights?","Beginners can benefit from a mix of both, starting with lighter weights and moderate cardio to build a foundation safely."
"How do I avoid injury while exercising?","Warm up properly, use correct form, increase intensity gradually, and don't skip rest days."
"What causes muscle cramps during exercise?","Cramps are often linked to dehydration, electrolyte imbalance (like low sodium or potassium), or muscle fatigue during intense activity."
"Is it okay to exercise with sore muscles?","Light activity is usually fine, but avoid intense training on the same muscle group until soreness subsides."
"Does exercise increase metabolism?","Yes, exercise, especially strength training, can boost metabolism both during the workout and for hours afterward, an effect known as excess post-exercise oxygen consumption (EPOC)."
"Why do I feel dizzy after a workout?","Dizziness after exercise can result from dehydration, low blood sugar, or blood pooling in the legs when standing up too quickly after intense activity."
"How much protein do I need after a workout?","Aim for roughly 20-30 grams of protein within an hour or two after exercise to support muscle repair."
"Does stretching after a workout help?","Yes, post-workout stretching helps improve flexibility and may reduce muscle tightness over time."
"Can exercise improve flexibility?","Yes, regular stretching and mobility exercises gradually improve flexibility and joint range of motion over time."
"How does exercise affect blood pressure?","Regular exercise can help lower resting blood pressure over time, though it temporarily raises blood pressure during the activity itself."
"Should I take a rest day after intense exercise?","Yes, rest days allow muscles to repair and help prevent overtraining injuries."
"Does exercise affect appetite?","Exercise can increase appetite due to higher energy expenditure, though very intense workouts may temporarily suppress hunger."
"What is the fastest way to recover after a workout?","Hydration, adequate protein intake, light stretching or active recovery, and quality sleep are the most effective ways to speed up recovery."
"Can I build muscle without going to the gym?","Yes, bodyweight exercises like push-ups, squats, and resistance bands can build muscle without gym equipment."
"How does age affect exercise recovery?","Recovery generally takes longer as you age due to slower muscle protein synthesis and reduced flexibility."
"Why do my joints hurt after exercise?","Joint discomfort can result from overuse, poor form, or insufficient warm-up; persistent pain should be checked by a professional."
"Does cardio burn muscle?","Excessive cardio without enough protein or resistance training can contribute to some muscle loss, but moderate cardio alone typically doesn't."
"How long should a workout session be?","30-60 minutes is typical for most workouts, depending on intensity and fitness goals."
"Can exercise boost energy levels?","Yes, regular exercise improves cardiovascular health and stamina, which can increase overall energy levels over time."
"What is the role of oxygen during exercise?","Oxygen is used by muscles to convert stored energy into usable fuel through aerobic metabolism; higher intensity exercise increases oxygen demand."
"Does exercise help reduce stress?","Yes, physical activity reduces stress hormones like cortisol and increases mood-boosting endorphins."
"Why is a cool-down important after exercise?","Cooling down gradually lowers heart rate and helps prevent blood pooling and dizziness after intense activity."
"How does exercise affect the immune system?","Moderate regular exercise can strengthen the immune system, while excessive intense exercise without recovery may temporarily weaken it."
"What is muscle hypertrophy?","Muscle hypertrophy is the increase in muscle fiber size that occurs when muscles adapt to repeated resistance training stress."
"How many reps and sets should I do to build muscle?","A common range is 3-4 sets of 8-12 reps per exercise, though rep ranges can vary based on your specific strength or hypertrophy goals."
"How many reps should I do for strength versus endurance?","Lower reps with heavier weight (1-6 reps) build strength, while higher reps with lighter weight (12-20 reps) build muscular endurance."
"What is progressive overload?","Progressive overload means gradually increasing weight, reps, or intensity over time to keep challenging your muscles and driving improvement."
"Why do beginners see faster results than experienced lifters?","This is often called 'newbie gains'; beginners' muscles and nervous systems adapt quickly to new stress, while experienced lifters need more targeted training to progress."
"What is the difference between aerobic and anaerobic exercise?","Aerobic exercise uses oxygen for sustained, moderate-intensity activity like running, while anaerobic exercise involves short, intense bursts like sprinting or heavy lifting."
"How does exercise affect bone density?","Weight-bearing and resistance exercises stimulate bone formation and can help increase or maintain bone density, reducing osteoporosis risk over time."
"Does lifting weights stunt growth in teenagers?","No, this is a myth; when done with proper supervision and technique, resistance training is safe for teenagers and does not stunt growth."
"What is the afterburn effect?","Also called EPOC, it's the extra calories your body burns after a workout as it restores oxygen levels, repairs muscle, and returns to a resting state."
"Does exercise help lower cholesterol?","Yes, regular aerobic exercise can help raise HDL (good) cholesterol and lower LDL (bad) cholesterol and triglycerides over time."
"Can exercise improve insulin sensitivity?","Yes, regular physical activity improves how effectively your body uses insulin to manage blood sugar."
"What happens to your lungs during exercise?","Breathing rate and depth increase to supply more oxygen to muscles and remove carbon dioxide more efficiently."
"Does exercise increase lung capacity?","Regular cardiovascular exercise can improve how efficiently your lungs and heart deliver oxygen, though it doesn't significantly increase total lung volume."
"Why does my face get red during exercise?","Increased blood flow to the skin helps release heat generated by working muscles, which can cause visible flushing."
"What causes a 'runner's high'?","A runner's high is linked to the release of endorphins and endocannabinoids during sustained aerobic exercise, producing feelings of euphoria and reduced pain perception."
"Does exercise affect testosterone levels?","Resistance training and high-intensity exercise can cause short-term increases in testosterone, which supports muscle repair and growth."
"How does exercise affect cortisol levels?","Moderate exercise regulates cortisol healthily, but excessive training without recovery can keep cortisol elevated, contributing to fatigue and impaired recovery."
"What is DOMS and how is it different from an injury?","DOMS (delayed onset muscle soreness) is a dull, general ache appearing 24-48 hours after exercise, while an injury typically causes sharp, localized pain during or immediately after activity."
"Can you lose fat in just one area of your body (spot reduction)?","No, spot reduction is a myth; fat loss occurs across the whole body based on genetics and overall calorie balance, not from targeting exercises to one area."
"How long does it take for muscles to grow?","Visible muscle growth typically takes 6-8 weeks of consistent resistance training, though microscopic changes begin within the first few sessions."
"Does exercise help with anxiety and depression?","Yes, regular physical activity is associated with reduced symptoms of anxiety and depression, partly due to endorphin release and improved sleep and self-esteem."
"What is muscle memory?","Muscle memory refers to how muscles that were previously trained regain size and strength faster when training resumes, partly due to retained muscle cell nuclei."
"How does exercise affect the brain?","Exercise increases blood flow to the brain and promotes the release of BDNF (brain-derived neurotrophic factor), which supports memory, learning, and mood regulation."
"Why do I get a stitch (side pain) while exercising?","A side stitch is thought to be caused by diaphragm strain, often from shallow breathing or exercising soon after eating."
"Should I exercise if I'm sick?","Light exercise may be okay for mild symptoms above the neck, like a stuffy nose, but you should rest if you have a fever, body aches, or chest congestion."
"Does exercise affect appetite hormones?","Yes, exercise influences hormones like ghrelin and leptin, which regulate hunger and fullness, though effects vary by exercise type and individual."
"What is VO2 max?","VO2 max is the maximum amount of oxygen your body can use during intense exercise, and it's a key indicator of cardiovascular fitness."
"How can I improve my VO2 max?","Consistent aerobic training, including interval workouts, gradually improves your body's ability to use oxygen efficiently."
"Does stretching before exercise prevent injury?","Dynamic stretching before exercise helps prepare muscles and may reduce injury risk, while static stretching is generally better saved for after your workout."
"What's the difference between static and dynamic stretching?","Static stretching holds a position to lengthen a muscle, while dynamic stretching involves controlled, moving stretches like leg swings, best used as a warm-up."
"Can exercise help lower resting heart rate?","Yes, consistent cardiovascular training strengthens the heart, allowing it to pump more blood per beat, which can lower your resting heart rate over time."
"Why does my heart rate stay elevated after I stop exercising?","Your heart continues working to help clear metabolic byproducts, restore oxygen levels, and cool the body down, gradually returning to resting rate over several minutes."
"What is muscle atrophy?","Muscle atrophy is the loss of muscle mass and strength that occurs from inactivity, aging, or lack of use over time."
"How quickly does muscle atrophy happen if I stop exercising?","Noticeable strength and muscle loss can begin within 2-3 weeks of inactivity, though the rate varies by individual and training history."
"Does exercise help regulate blood sugar?","Yes, physical activity helps muscles absorb glucose from the blood, which can help regulate blood sugar levels, especially beneficial for those with insulin resistance."
"What happens to body temperature during exercise?","Body temperature rises during exercise as muscles generate heat, prompting sweating and increased blood flow to the skin to help cool down."
"Is it normal to feel nauseous after intense exercise?","Yes, this can happen due to blood being redirected away from the digestive system, dehydration, or exercising too soon after eating."
"How does hydration affect exercise performance?","Even mild dehydration can reduce strength, endurance, and concentration, making proper hydration important for performance."
"What are electrolytes and why do they matter during exercise?","Electrolytes like sodium, potassium, and magnesium help regulate muscle contractions and fluid balance, and are lost through sweat during exercise."
"Does exercise affect skin health?","Yes, exercise increases blood flow, which can deliver more oxygen and nutrients to skin cells, though sweat should be cleansed afterward to avoid clogged pores."
"Why do some people get muscle cramps at night after exercising?","Nighttime cramps after exercise are often linked to dehydration, electrolyte imbalance, or muscle fatigue from the day's activity."
"What is active recovery?","Active recovery involves low-intensity movement, like walking or light cycling, on rest days to promote blood flow and reduce muscle stiffness."
"Does foam rolling help after a workout?","Foam rolling may help reduce muscle tightness and improve blood flow, and some studies suggest it can reduce the perception of soreness."
"How does exercise affect posture?","Strengthening core and back muscles through regular exercise can improve posture, while sedentary habits can weaken these muscles over time."
"Can overtraining be harmful?","Yes, overtraining without adequate rest can lead to fatigue, decreased performance, hormonal imbalance, weakened immunity, and increased injury risk."
"What are signs of overtraining?","Common signs include persistent fatigue, decreased performance, irritability, disrupted sleep, and frequent illness or injury."
"Does exercise affect digestion?","Moderate exercise can support healthy digestion by stimulating intestinal activity, though intense exercise right after eating may cause discomfort."
"How long should I wait to exercise after eating a meal?","Waiting about 2-3 hours after a large meal is generally recommended, though a light snack 30-60 minutes before light activity is usually fine."
"Does exercise help with better skin circulation and complexion?","Increased blood flow from exercise can give skin a temporary healthy glow by delivering more oxygen and nutrients to skin tissue."
"What is the role of carbohydrates during exercise?","Carbohydrates are broken down into glucose and stored as glycogen, serving as the body's primary energy source during moderate to high-intensity exercise."
"Does exercise burn fat or carbs first?","At lower intensities the body relies more on fat for fuel, while higher intensity exercise shifts toward burning carbohydrates (glycogen) for quicker energy."
"How does resistance training affect joints?","When done with proper form, resistance training can strengthen the muscles and connective tissue around joints, improving stability and potentially reducing injury risk."
"Can exercise improve balance and coordination?","Yes, especially functional and stability-focused exercises, which train the nervous system and muscles to work together more effectively."
"Why is sleep important for exercise recovery?","Sleep is when the body releases growth hormone and repairs muscle tissue, making it essential for recovery and performance improvements."
